2019;1;1;0;4,542157079;37,77405865;6,6
2019;1;1;1;4,739108031;34,71091206;4,4
2019;1;1;2;5,109050116;33,59704112;8,2
2019;1;1;3;5,25453876;33,33366193;8,2
2019;1;1;4;4,541181062;35,72843027;8,3
2019;1;1;5;3,747330502;39,04731258;7,1
2019;1;1;6;3,699242204;42,25148339;5,9
2019;1;1;7;2,85795922;45,49701641;6,4
2019;1;1;8;2,014271379;46,17717971;5,4
2019;1;1;9;1,284913789;47,69417206;5
2019;1;1;10;1,331065868;47,45243441;5,8
2019;1;1;11;2,299675265;45,91859252;5
2019;1;1;12;3,031352228;44,54893481;4,6
2019;1;1;13;2,819843184;47,75274949;4,3
2019;1;1;14;2,753937783;48,06829423;5,1
2019;1;1;15;2,79947091;47,61640515;3,5
2019;1;1;16;2,716394449;48,48091857;5
2019;1;1;17;3,314027863;46,68660451;5,6
2019;1;1;18;3,455173301;44,9384994;7,7
2019;1;1;19;3,048044616;45,91762733;7,8
2019;1;1;20;2,382249647;46,13217225;5,7
2019;1;1;21;0,764054161;50,53115661;5,9
2019;1;1;22;-0,278290698;51,09031665;7,8
2019;1;1;23;-0,527912722;49,88462521;7,7
2019;1;2;0;-0,262111225;47,43109174;7,6
2019;1;2;1;-0,472159204;47,5264632;8,5
2019;1;2;2;-0,91116272;50,94722015;7,7
2019;1;2;3;-1,282267667;53,77234535;8,3
2019;1;2;4;-1,751166058;55,84268623;7
2019;1;2;5;-2,138806;56,59036644;7,7
2019;1;2;6;-2,322894274;62,79923181;7,9
2019;1;2;7;-2,579713331;63,27505127;6,3
2019;1;2;8;-2,785825955;62,78788954;5,8
2019;1;2;9;-3,036163007;64,41213822;6,2
2019;1;2;10;-2,825049674;64,35546111;5,2
2019;1;2;11;-2,400527738;65,37492338;6,1
2019;1;2;12;-2,058770491;63,7242618;4,9
2019;1;2;13;-1,919385072;63,38669346;5,6
2019;1;2;14;-2,110042909;63,9137772;4
2019;1;2;15;-2,441906966;64,78930762;3,2
2019;1;2;16;-2,566806521;65,84704678;4,3
2019;1;2;17;-1,953799673;59,78141993;5,2
2019;1;2;18;-1,627541582;56,79096991;5,2
2019;1;2;19;-1,337251541;54,65592274;4,9
2019;1;2;20;-1,675649892;57,76394645;5
2019;1;2;21;-1,647001258;56,27870214;3,6
2019;1;2;22;-1,811570808;51,27620349;3,3
2019;1;2;23;-2,159119307;51,93249746;3,5
2019;1;3;0;-2,107694805;52,00862845;3,6
2019;1;3;1;-2,053598856;52,72989616;3,1
2019;1;3;2;-1,981245889;52,30094053;2,7
2019;1;3;3;-1,931591375;52,86754843;2,9
2019;1;3;4;-2,090656797;54,3069493;2,2
2019;1;3;5;-2,627314701;56,2795134;2,2
2019;1;3;6;-3,70351659;61,93918892;0,7
2019;1;3;7;-5,55838295;63,98539077;1,2
2019;1;3;8;-6,465535897;65,24448964;1
2019;1;3;9;-6,400898301;68,73362221;1,2
2019;1;3;10;-5,49056851;66,56488663;1,5
2019;1;3;11;-2,937774634;59,71040016;1,1
2019;1;3;12;-1,569828873;58,01617544;0,7
2019;1;3;13;-1,240151224;58,00145819;0,5
2019;1;3;14;-1,099977521;58,1400859;0,8
2019;1;3;15;-1,292490182;58,55555861;2,5
2019;1;3;16;-1,171229395;60,38746586;1,8
2019;1;3;17;-1,390738941;60,63529724;2
2019;1;3;18;-1,360647784;60,45153051;2,3
2019;1;3;19;-1,31146469;57,9161788;2,6
2019;1;3;20;-1,41956513;57,65602755;3
2019;1;3;21;-0,792482144;55,84633332;4
2019;1;3;22;-0,167054081;50,62917417;3,3
2019;1;3;23;0,131345725;49,11170554;3,6
2019;1;4;0;-0,68271201;48,3947114;4,7
2019;1;4;1;-1,18481298;48,76081142;4,2
2019;1;4;2;0,129616525;47,08587383;4,3
2019;1;4;3;1,487987075;43,46296974;2,4
2019;1;4;4;3,082242347;40,75934119;4,9
2019;1;4;5;3,765695246;40,27796471;4,6
2019;1;4;6;5,078752248;41,47616823;4,1
2019;1;4;7;4,990094404;40,25809824;3,8
2019;1;4;8;4,707078333;42,46541262;3,5
2019;1;4;9;4,188328031;45,33651089;2,4
2019;1;4;10;3,636661964;47,49215601;4
2019;1;4;11;3,296379726;45,0967192;3,7
2019;1;4;12;3,119714013;43,28538954;4,1
2019;1;4;13;3,07803876;42,2918821;3,5
2019;1;4;14;2,87682834;44,66996582;3,4
2019;1;4;15;2,350315468;46,48893154;3,8
2019;1;4;16;2,768470242;44,45319088;4,6
2019;1;4;17;3,483934386;44,11674451;4,3
2019;1;4;18;3,718674961;43,07748747;4,7
2019;1;4;19;3,828167806;41,83411139;4,4
2019;1;4;20;4,64915583;39,75110099;3,4
2019;1;4;21;4,26692308;40,37953681;3,2
2019;1;4;22;4,523756606;39,65369129;2,8
2019;1;4;23;4,616721709;38,34129176;1,8
2019;1;5;0;4,28663928;38,84761587;1,6
2019;1;5;1;3,932533389;40,37262379;2,1
2019;1;5;2;3,424787687;41,25314539;1,3
2019;1;5;3;2,759317192;42,89711537;2,7
2019;1;5;4;1,351184667;46,77561574;1,6
2019;1;5;5;0,467509505;48,67802454;2,2
2019;1;5;6;0,924678959;48,61161785;2,9
2019;1;5;7;-0,261472679;51,95717834;2,3
2019;1;5;8;-0,870971043;54,95401416;1,4
2019;1;5;9;0,264780244;50,94940482;1,8
2019;1;5;10;0,841470517;49,66892555;1,9
2019;1;5;11;1,206608303;49,2315079;2,5
2019;1;5;12;1,756313264;46,63016149;1,6
2019;1;5;13;1,868548673;49,59683993;1,3
2019;1;5;14;1,637423658;50,950035;1,6
2019;1;5;15;1,293581093;46,78677086;2,4
2019;1;5;16;1,107031863;49,17660404;2,2
2019;1;5;17;0,910803958;49,68097746;1,6
2019;1;5;18;0,674729325;51,83273501;1,4
2019;1;5;19;0,265661014;53,4444477;0,6
2019;1;5;20;0,785679326;53,5247884;0,7
2019;1;5;21;1,14573405;48,1661855;0,7
2019;1;5;22;1,127610241;46,52376142;0
2019;1;5;23;1,004894894;47,17874839;2,7
2019;1;6;0;1,046007733;47,37556623;1,9
2019;1;6;1;1,088935754;46,36697174;1,1
2019;1;6;2;0,951559169;46,60394507;1,7
2019;1;6;3;0,65945554;47,34934315;1
2019;1;6;4;0,712638439;46,61000423;0,9
2019;1;6;5;0,984191867;46,77931013;1
2019;1;6;6;1,087187949;46,84336566;0,7
2019;1;6;7;0,172001072;47,63812277;0,9
2019;1;6;8;0,41238336;48,12939794;1,3
2019;1;6;9;0,448632146;46,8644362;1,6
2019;1;6;10;0,578310656;46,71021389;3,1
2019;1;6;11;1,315273159;43,30339711;2,2
2019;1;6;12;2,485942274;41,76872615;3,2
2019;1;6;13;2,824507781;41,97966375;2,5
2019;1;6;14;2,785996295;43,4672759;2,1
2019;1;6;15;2,287231991;46,15292569;1,8
2019;1;6;16;2,176155019;47,64771527;1,2
2019;1;6;17;2,166239889;47,91805283;1,6
2019;1;6;18;2,116884475;48,01585717;1,7
2019;1;6;19;1,753562948;49,06730502;2,4
2019;1;6;20;2,054951009;49,50972044;2,2
2019;1;6;21;2,305120357;46,96635992;1,5
2019;1;6;22;2,121450852;45,67460874;1,2
2019;1;6;23;1,887577824;45,42817309;2,4
2019;1;7;0;1,98527718;43,15907145;2,6
2019;1;7;1;1,689358112;45,09258108;2,2
2019;1;7;2;1,249975704;45,77522548;2,2
2019;1;7;3;1,376873644;47,43477332;1,8
2019;1;7;4;0,640749376;48,2378938;1,7
2019;1;7;5;1,032392623;48,01621649;1,4
2019;1;7;6;1,75827103;50,06413554;1,9
2019;1;7;7;1,484266569;52,53114313;1
2019;1;7;8;0,349774948;52,75520784;1,3
2019;1;7;9;0,250893228;52,63629122;1,7
2019;1;7;10;1,149964696;51,22131276;0,6
2019;1;7;11;1,582460343;51,97783113;0
2019;1;7;12;1,948714496;52,42237215;0
2019;1;7;13;2,497431477;51,92389466;0,7
2019;1;7;14;2,376426455;51,02502153;0
2019;1;7;15;2,135344645;52,26376188;0,8
2019;1;7;16;1,812023662;51,78303617;1,6
2019;1;7;17;1,623410842;49,79915115;2,5
2019;1;7;18;1,575833605;47,66566158;2,3
2019;1;7;19;1,120239742;46,79636994;1,5
2019;1;7;20;1,150195656;46,6160614;1,7
2019;1;7;21;1,209012756;45,42467756;1,1
2019;1;7;22;1,333439892;42,13237586;1,2
2019;1;7;23;1,360647673;41,87016293;1,2
2019;1;8;0;1,321620915;42,45936465;1,6
2019;1;8;1;1,056967603;44,54571859;2
2019;1;8;2;0,70561672;45,40429625;1,7
2019;1;8;3;0,639849683;45,3677118;1,2
2019;1;8;4;0,59688466;47,18832557;1,3
2019;1;8;5;0,578066412;47,43321285;1,5
2019;1;8;6;0,636573531;52,53122687;1,3
2019;1;8;7;0,655654064;53,21481155;1,3
2019;1;8;8;0,624474614;53,37875392;1,1
2019;1;8;9;0,744035175;53,09148829;1,6
2019;1;8;10;1,062432196;53,78332842;2,1
2019;1;8;11;1,063649669;50,90555946;2,9
2019;1;8;12;0,602289553;53,04093262;3
2019;1;8;13;0,530117497;53,3256253;4,2
2019;1;8;14;0,488581996;54,4028166;5,2
2019;1;8;15;0,363448575;57,10637472;6,2
2019;1;8;16;0,210715388;55,45212765;6,1
2019;1;8;17;0,131320185;55,86063659;5,6
2019;1;8;18;-0,029980745;54,38272485;6,6
2019;1;8;19;-0,273520316;53,31175986;5,3
2019;1;8;20;-0,537392663;53,46589696;5,7
2019;1;8;21;-0,856964051;52,69147187;5,6
2019;1;8;22;-1,103943195;52,52274549;5,7
2019;1;8;23;-1,311721477;52,89970671;6
2019;1;9;0;-1,364146234;51,65828081;5,4
2019;1;9;1;-1,447999316;50,21182128;5,7
2019;1;9;2;-1,451363816;50,18544157;5,9
2019;1;9;3;-1,856383578;49,7143289;5
2019;1;9;4;-1,979366072;51,55523258;4,9
2019;1;9;5;-2,192804603;51,86322653;3,9
2019;1;9;6;-2,52773532;55,58742233;3,1
2019;1;9;7;-2,703834121;57,2449935;2,8
2019;1;9;8;-2,724163385;56,85818812;3,2
2019;1;9;9;-2,644400512;54,31021716;2,8
2019;1;9;10;-2,130590579;56,00566175;3,2
2019;1;9;11;-1,420662117;58,11466031;4,4
2019;1;9;12;-1,07650577;56,41184098;4,1
2019;1;9;13;-1,094141536;58,35105291;3,4
2019;1;9;14;-1,446596462;61,3142848;1,8
2019;1;9;15;-2,130107199;63,65201637;1,8
2019;1;9;16;-2,622372156;63,50750984;0,9
2019;1;9;17;-2,931278383;60,39887235;1,2
2019;1;9;18;-3,399995782;58,23415847;1,3
2019;1;9;19;-3,710563033;57,59053614;0,7
2019;1;9;20;-4,045441121;57,10316104;0,9
2019;1;9;21;-4,765909875;57,29615427;2,3
2019;1;9;22;-6,015553171;57,09919101;1,5
2019;1;9;23;-6,617276244;57,74325655;1
2019;1;10;0;-6,314021807;57,83663993;1,6
2019;1;10;1;-6,421839544;58,90459111;1,2
2019;1;10;2;-7,138493668;59,808839;1,1
2019;1;10;3;-7,696551041;61,56840259;0
2019;1;10;4;-8,218535411;66,38469997;0
2019;1;10;5;-8,685027947;72,13761353;0,9
2019;1;10;6;-9,141012285;76,06099238;1,3
2019;1;10;7;-9,225083609;74,67325168;1
2019;1;10;8;-8,029546358;72,8981507;0,9
2019;1;10;9;-6,50678968;66,9734118;0
2019;1;10;10;-4,918000408;64,46091807;0,9
2019;1;10;11;-3,820919837;61,96076718;0,9
2019;1;10;12;-3,048364519;61,02661446;2
2019;1;10;13;-2,771578052;60,12282738;1,8
2019;1;10;14;-2,859497731;57,94849512;2
2019;1;10;15;-3,054146394;57,1495818;1,8
2019;1;10;16;-2,455021502;57,72500949;2,6
2019;1;10;17;-1,6849203;54,84242413;2,7
2019;1;10;18;-1,103118706;54,11685836;4
2019;1;10;19;-0,63931417;53,00711291;3,8
2019;1;10;20;-0,282152009;51,06174841;4,1
2019;1;10;21;0,011123054;49,82906468;3,9
2019;1;10;22;0,357729772;46,11720493;3,5
2019;1;10;23;0,663894394;44,48143106;4
2019;1;11;0;0,847105603;42,66935083;4,7
2019;1;11;1;1,117708886;41,8136046;5,4
2019;1;11;2;1,452329041;41,35219542;5
2019;1;11;3;1,702869448;39,60483736;6,5
2019;1;11;4;1,825739654;40,38736581;5,4
2019;1;11;5;1,689638678;41,38606118;4,9
2019;1;11;6;1,024754706;47,21617821;4,1
2019;1;11;7;0,460545669;50,04923229;3,3
2019;1;11;8;0,325189312;52,51943986;3,5
2019;1;11;9;1,73452718;51,58016212;2,6
2019;1;11;10;1,406232855;47,30867542;2,8
2019;1;11;11;1,952020417;49,87603732;5,2
2019;1;11;12;1,797031409;52,9002886;5,6
2019;1;11;13;2,13523652;50,04842026;6,7
2019;1;11;14;1,50067188;51,1624401;5,6
2019;1;11;15;0,187304206;54,58049561;5,6
2019;1;11;16;-0,477103809;54,57423895;6,9
2019;1;11;17;-0,778638843;54,23204369;6,6
2019;1;11;18;-0,739847541;50,87823592;7,7
2019;1;11;19;-0,831226864;51,79998379;7,4
2019;1;11;20;-1,034551163;51,84444315;6,7
2019;1;11;21;-1,248215267;53,36357827;6,4
2019;1;11;22;-1,030720252;51,89861466;7,5
2019;1;11;23;-0,758365749;52,51130905;7
2019;1;12;0;-0,94275438;51,79924985;5
2019;1;12;1;-1,09296337;51,66337906;5,3
2019;1;12;2;-0,822508138;50,48102508;5,9
2019;1;12;3;-0,528746506;52,64400172;4,5
2019;1;12;4;-1,135542413;51,43431487;4,3
2019;1;12;5;-1,366085759;50,02232343;3,8
2019;1;12;6;-1,42437909;51,29036564;2,9
2019;1;12;7;-2,267612352;53,15740582;3
2019;1;12;8;-3,381096899;57,83517058;3
2019;1;12;9;-3,215029626;55,37896986;2
2019;1;12;10;-2,332915648;50,98477924;2,1
2019;1;12;11;-1,355162194;46,67977607;2,2
2019;1;12;12;-1,232352202;49,07856196;2
2019;1;12;13;-1,113415453;52,75206376;2,1
2019;1;12;14;-1,611216445;54,48745244;0,7
2019;1;12;15;-2,96039159;58,97059357;0,6
2019;1;12;16;-3,865300934;60,17350792;0
2019;1;12;17;-3,815237427;60,31088884;0
2019;1;12;18;-4,137525003;63,81396911;0
2019;1;12;19;-4,091635734;63,25818946;0
2019;1;12;20;-4,685480127;63,60998139;0
2019;1;12;21;-6,023241843;67,57681012;1,1
2019;1;12;22;-6,823058606;66,96692393;0
2019;1;12;23;-7,131263871;66,97367807;0
2019;1;13;0;-6,734699071;67,88275544;0,9
2019;1;13;1;-7,417364082;64,29094862;0
2019;1;13;2;-7,788431082;64,74694555;1
2019;1;13;3;-8,152525795;65,9619966;0
2019;1;13;4;-8,458905609;64,35647611;0
2019;1;13;5;-8,069439798;62,71167351;0,5
2019;1;13;6;-7,502719491;60,98649071;1,9
2019;1;13;7;-6,592186055;58,7543483;2,9
2019;1;13;8;-6,085013105;57,71839239;1,5
2019;1;13;9;-5,1956835;56,17724143;1,3
2019;1;13;10;-3,900667994;53,67762389;2,3
2019;1;13;11;-2,6831559;50,86103804;1,4
2019;1;13;12;-2,255366129;49,29626861;0,5
2019;1;13;13;-2,048430049;48,50367187;0,8
2019;1;13;14;-1,902366928;48,38315645;0,6
2019;1;13;15;-1,848456249;48,01145971;0,7
2019;1;13;16;-1,947982528;50,43488322;0,5
2019;1;13;17;-2,222644803;52,82967706;0,8
2019;1;13;18;-2,207404077;53,56321905;0,8
2019;1;13;19;-2,431347915;53,81439784;2,3
2019;1;13;20;-2,950437613;54,23956671;2,7
2019;1;13;21;-3,231337105;54,96159921;4
2019;1;13;22;-3,652715782;55,07094351;4,7
2019;1;13;23;-4,111452683;56,37437668;5,2
2019;1;14;0;-4,966185807;58,91056283;5,2
2019;1;14;1;-5,150995006;62,2469437;5,2
2019;1;14;2;-5,300439496;63,89069819;4,8
2019;1;14;3;-5,942044369;66,73691644;4,8
2019;1;14;4;-6,681646318;64,80626209;4,8
2019;1;14;5;-7,309178591;66,57366385;5,3
2019;1;14;6;-7,474004717;72,39449502;4,9
2019;1;14;7;-6,493895011;70,08075742;4,3
2019;1;14;8;-5,642766156;65,93702023;5,2
2019;1;14;9;-5,638526697;65,78844346;5,5
2019;1;14;10;-5,617262757;65,13567071;5,9
2019;1;14;11;-3,682584549;61,74044352;5,3
2019;1;14;12;-2,349792883;55,55138777;6,3
2019;1;14;13;-1,853494979;56,06061438;5,5
2019;1;14;14;-1,973417517;57,07696815;4,8
2019;1;14;15;-2,433641961;58,10511705;4,5
2019;1;14;16;-2,757108673;58,84117281;4,2
2019;1;14;17;-2,921710384;57,71714299;6,2
2019;1;14;18;-2,72356294;56,0318818;4,8
2019;1;14;19;-2,507386691;54,75596978;7,3
2019;1;14;20;-1,979460753;57,23322385;8,1
2019;1;14;21;-1,687809016;56,50104191;8,1
2019;1;14;22;-1,83195828;53,3903083;7,9
2019;1;14;23;-1,927634175;52,9670764;7,9
2019;1;15;0;-2,055938891;52,57099068;7,6
2019;1;15;1;-2,061265843;52,59599913;7,1
2019;1;15;2;-2,194524952;53,69153031;7,2
2019;1;15;3;-2,427399914;53,01429199;6
2019;1;15;4;-2,797267074;54,60167379;5,4
2019;1;15;5;-3,09803199;56,56814412;5,6
2019;1;15;6;-3,402728795;61,45874019;4,6
2019;1;15;7;-3,766014703;60,87333699;4
2019;1;15;8;-4,132714859;61,60592271;4,3
2019;1;15;9;-4,882911536;61,00779257;2,2
2019;1;15;10;-4,233702767;60,07882074;3,8
2019;1;15;11;-3,248426105;60,422553;2,9
2019;1;15;12;-2,816033516;64,28509311;3,1
2019;1;15;13;-2,401990102;64,88780603;2,2
2019;1;15;14;-2,624970333;63,1760297;1,4
2019;1;15;15;-3,179684908;64,25688359;1,6
2019;1;15;16;-3,533759373;66,18668823;1,7
2019;1;15;17;-3,750306316;63,31592682;0,9
2019;1;15;18;-5,157571175;65,3211831;0,7
2019;1;15;19;-6,892063275;68,50049286;0
2019;1;15;20;-8,167858156;68,54671388;0,8
2019;1;15;21;-8,875280633;70,56363916;3,1
2019;1;15;22;-9,088372069;71,51549355;1,5
2019;1;15;23;-9,821281949;68,25480116;0
2019;1;16;0;-10,41819132;68,60498579;0
2019;1;16;1;-10,83165991;67,35116743;0
2019;1;16;2;-11,04530109;64,14513689;0
2019;1;16;3;-11,29220057;66,27355357;0
2019;1;16;4;-11,56292041;73,94974145;0,8
2019;1;16;5;-12,36252861;75,38320723;0
2019;1;16;6;-12,17017898;78,50670631;0
2019;1;16;7;-11,45866175;75,02502541;0
2019;1;16;8;-10,62061868;73,2489533;0
2019;1;16;9;-9,333249112;69,40269162;0
2019;1;16;10;-7,208604699;66,09668921;0,5
2019;1;16;11;-5,723337824;62,88911484;0,9
2019;1;16;12;-5,462979553;62,92333071;1,4
2019;1;16;13;-5,07598766;60,30779782;2,4
2019;1;16;14;-4,526151363;58,49868879;3,4
2019;1;16;15;-3,526270049;57,45370216;1,5
2019;1;16;16;-2,654578081;57,15649578;1,1
2019;1;16;17;-1,984766329;55,5208127;2
2019;1;16;18;-1,511811028;53,18781575;2,8
2019;1;16;19;-1,354254173;52,24626511;3,2
2019;1;16;20;-0,961660865;48,89930288;0,9
2019;1;16;21;-0,028901028;47,6722696;1,5
2019;1;16;22;0,225531334;47,06929107;1,1
2019;1;16;23;-0,874236025;45,94167414;5,7
2019;1;17;0;-2,486307302;46,96240364;3,3
2019;1;17;1;-4,740321647;55,5527431;5,4
2019;1;17;2;-5,440836241;58,33557076;5
2019;1;17;3;-6,528627511;59,35429044;4
2019;1;17;4;-7,368007864;58,928503;4
2019;1;17;5;-6,518601069;66,10697202;4,4
2019;1;17;6;-5,525341187;72,59504044;3,6
2019;1;17;7;-4,822326119;67,27561199;3,3
2019;1;17;8;-4,734919389;66,56880643;4,3
2019;1;17;9;-4,181184443;62,05715912;4,2
2019;1;17;10;-3,815989531;64,66277484;4,2
2019;1;17;11;-3,424666696;61,02087097;5,2
2019;1;17;12;-3,124286904;59,62409778;3,7
2019;1;17;13;-2,825999482;57,92701711;3,3
2019;1;17;14;-3,502415618;58,38432198;3,5
2019;1;17;15;-5,318816135;60,87387542;3,6
2019;1;17;16;-6,714261228;64,85299896;3,2
2019;1;17;17;-7,541723533;64,31151442;2,7
2019;1;17;18;-8,398687907;71,7283602;1,3
2019;1;17;19;-9,257064022;75,0768863;1,9
2019;1;17;20;-8,44847843;74,29808966;2,1
2019;1;17;21;-9,20248313;70,95285996;2
2019;1;17;22;-10,12513276;69,09436192;1,5
2019;1;17;23;-11,1187945;66,46660184;1,1
2019;1;18;0;-11,61599401;63,80389236;1,7
2019;1;18;1;-11,75167237;64,4809426;3,3
2019;1;18;2;-11,64839024;62,42008622;4,1
2019;1;18;3;-12,08281125;62,01524818;4,1
2019;1;18;4;-12,30050516;64,07407153;3,6
2019;1;18;5;-11,40635481;66,3770138;2,8
2019;1;18;6;-9,661763312;68,78545111;3,1
2019;1;18;7;-9,780182936;67,10648042;4,4
2019;1;18;8;-9,648392348;66,23132795;4,6
2019;1;18;9;-9,600517772;64,32267402;5,4
2019;1;18;10;-8,983457685;67,16530765;4,6
2019;1;18;11;-7,735799854;67,78522444;5,5
2019;1;18;12;-6,271028583;65,79920048;6,4
2019;1;18;13;-5,779536226;63,22886142;3,9
2019;1;18;14;-6,20950747;64,37519376;3,8
2019;1;18;15;-7,407330881;67,81072202;4,2
2019;1;18;16;-8,667756831;70,7028953;3,8
2019;1;18;17;-9,594539371;73,8232898;4,2
2019;1;18;18;-10,49633857;76,256858;3,3
2019;1;18;19;-11,23935017;72,33695988;1,5
2019;1;18;20;-11,83047624;74,58348022;1,4
2019;1;18;21;-12,24162467;76,7625292;1,5
2019;1;18;22;-11,95624931;73,68396382;1,6
2019;1;18;23;-11,58849534;68,59195396;3,7
2019;1;19;0;-11,74235335;67,59703716;2,4
2019;1;19;1;-12,09064702;66,20344927;1,4
2019;1;19;2;-11,97525437;73,98915051;1,1
2019;1;19;3;-12,22302773;73,17117569;3,3
2019;1;19;4;-12,42732095;71,53484457;2,8
2019;1;19;5;-12,01001452;70,89342161;1,1
2019;1;19;6;-12,42603641;75,01197921;0,5
2019;1;19;7;-11,43490905;72,84679755;1,5
2019;1;19;8;-10,38527804;68,42731072;1,5
2019;1;19;9;-8,712732197;67,92358036;2,7
2019;1;19;10;-7,284487464;64,08117232;4
2019;1;19;11;-4,391234802;60,25973178;3,9
2019;1;19;12;-3,297321233;57,55272635;3,9
2019;1;19;13;-2,605940445;50,96807696;2,8
2019;1;19;14;-2,401876841;50,93640315;5,7
2019;1;19;15;-2,713994091;52,0986899;5,1
2019;1;19;16;-3,969985428;55,657745;4,6
2019;1;19;17;-5,048039407;60,07684503;4,5
2019;1;19;18;-5,145911146;61,67660619;5,4
2019;1;19;19;-5,069086643;67,4127343;4,4
2019;1;19;20;-6,333489662;72,07069213;5,2
2019;1;19;21;-7,346314776;69,22420123;3,4
2019;1;19;22;-7,96117482;68,43650335;3
2019;1;19;23;-8,651413342;71,15341954;2,4
2019;1;20;0;-9,393115676;69,44770055;3,8
2019;1;20;1;-9,953307082;73,77713246;3,3
2019;1;20;2;-10,69338328;74,12771898;2,6
2019;1;20;3;-11,7263368;71,55191066;3,6
2019;1;20;4;-12,22008355;73,40061338;3,1
2019;1;20;5;-13,14025668;73,1502786;0,8
2019;1;20;6;-13,52691223;72,94568887;2,8
2019;1;20;7;-13,90066046;72,89593543;2,8
2019;1;20;8;-14,03134992;76,78211624;2,9
2019;1;20;9;-14,08889209;74,60973936;1,7
2019;1;20;10;-11,77362987;69,50483939;1,6
2019;1;20;11;-8,153203567;62,4923616;0
2019;1;20;12;-5,909944831;56,88933114;1,4
2019;1;20;13;-5,224369495;56,18265508;2,9
2019;1;20;14;-5,478665501;57,89984723;2,9
2019;1;20;15;-7,163014459;62,90069577;3,3
2019;1;20;16;-9,426873847;67,01651913;2,4
2019;1;20;17;-10,81667195;71,98235414;0,6
2019;1;20;18;-11,35102886;74,4287568;0,8
2019;1;20;19;-12,07983371;79,5205875;1,2
2019;1;20;20;-12,70394551;80,15002297;0,9
2019;1;20;21;-13,48193474;82,55791778;1,4
2019;1;20;22;-13,68733725;80,79218626;1,6
2019;1;20;23;-13,82056836;78,95629741;1,4
2019;1;21;0;-14,79531578;79,13721104;2,2
2019;1;21;1;-15,5985197;81,12095565;1
2019;1;21;2;-15,78664448;80,39851912;0,7
2019;1;21;3;-15,00202187;74,16413275;0
2019;1;21;4;-13,10621086;71,88848934;1,1
2019;1;21;5;-11,54817517;69,45998702;0
2019;1;21;6;-10,36777157;71,94811381;0
2019;1;21;7;-9,947083048;72,53261314;0
2019;1;21;8;-9,456944858;69,58197336;0
2019;1;21;9;-8,417489709;66,43090114;1,2
2019;1;21;10;-7,178202651;62,06760657;1,5
2019;1;21;11;-6,128528967;61,55430227;0,7
2019;1;21;12;-6,172999668;63,34463374;1,3
2019;1;21;13;-5,854901118;62,72974666;1,4
2019;1;21;14;-5,840545279;63,36822737;1,2
2019;1;21;15;-6,242689328;64,30755917;2
2019;1;21;16;-6,897369981;63,36802578;2,1
2019;1;21;17;-6,995205021;62,21766723;1,8
2019;1;21;18;-6,950478733;59,72246975;0,9
2019;1;21;19;-6,917628832;58,40973696;1,5
2019;1;21;20;-6,569848385;58,1890769;1,7
2019;1;21;21;-6,080823482;60,37557656;1,5
2019;1;21;22;-5,79347138;58,85476136;1,1
2019;1;21;23;-5,891138452;60,75073406;1,1
2019;1;22;0;-5,478553851;59,10439729;0,8
2019;1;22;1;-5,10102373;55,89409966;1,1
2019;1;22;2;-4,440109306;54,94527245;1
2019;1;22;3;-4,380963741;53,95343941;0,6
2019;1;22;4;-4,350668732;58,83617118;0,5
2019;1;22;5;-4,323031164;60,75461655;0
2019;1;22;6;-4,082021893;64,04429323;0
2019;1;22;7;-3,937058453;64,9396217;0
2019;1;22;8;-4,015911841;63,34860597;0
2019;1;22;9;-3,294923765;60,67855712;0
2019;1;22;10;-2,289228012;59,53857604;0
2019;1;22;11;-1,857251108;58,66797942;0
2019;1;22;12;-1,400236722;59,00827514;0,7
2019;1;22;13;-0,506438028;55,85104482;0,6
2019;1;22;14;-0,511383506;55,70690915;0,6
2019;1;22;15;-1,150681679;58,16488427;0
2019;1;22;16;-1,540618425;60,82086387;0
2019;1;22;17;-1,609979286;59,62074899;0
2019;1;22;18;-1,869606002;61,56771501;0,6
2019;1;22;19;-2,076137376;60,41453986;0
2019;1;22;20;-2,313705163;57,43874127;0
2019;1;22;21;-2,796088348;54,86655484;0
2019;1;22;22;-3,175678099;54,25418708;0
2019;1;22;23;-3,325423182;54,89751105;0
2019;1;23;0;-3,754806608;54,89246959;0
2019;1;23;1;-4,269952953;55,31798463;0,6
2019;1;23;2;-4,333972286;55,35084475;0
2019;1;23;3;-4,517711165;60,35313995;0
2019;1;23;4;-4,71042215;62,4837877;0,9
2019;1;23;5;-4,624332223;61,76263274;0,7
2019;1;23;6;-4,831501066;66,05399294;0,8
2019;1;23;7;-4,75406259;64,42087093;0
2019;1;23;8;-4,594774137;63,54058071;0
2019;1;23;9;-3,824719767;62,8426924;0
2019;1;23;10;-2,586651929;64,61710913;1,1
2019;1;23;11;-2,011597506;60,29701404;1,3
2019;1;23;12;-1,292103398;57,70339974;0,7
2019;1;23;13;-1,194144649;52,11188071;0
2019;1;23;14;-1,84493639;52,99764829;0
2019;1;23;15;-3,950125468;64,703812;0
2019;1;23;16;-5,999389381;75,09817989;0,5
2019;1;23;17;-7,289491143;70,77129131;0
2019;1;23;18;-8,398215132;68,90017816;0
2019;1;23;19;-8,160438718;68,85841263;0
2019;1;23;20;-7,454951858;65,21356534;0
2019;1;23;21;-7,362782854;65,42707295;0
2019;1;23;22;-8,432903387;66,00308688;0
2019;1;23;23;-9,317379545;64,45413364;0
2019;1;24;0;-9,782029267;62,714874;0
2019;1;24;1;-9,096149478;63,40690191;0
2019;1;24;2;-8,560068351;65,15014444;0
2019;1;24;3;-8,851230565;67,36414692;0
2019;1;24;4;-8,985473997;66,14059243;0
2019;1;24;5;-9,030436418;68,18049993;0
2019;1;24;6;-9,888965286;71,28447578;0
2019;1;24;7;-10,78731028;74,50800273;0
2019;1;24;8;-11,36690798;77,6571729;0
2019;1;24;9;-10,7837729;74,44160504;0
2019;1;24;10;-9,394671561;75,6914628;0
2019;1;24;11;-7,834006771;74,75454258;0
2019;1;24;12;-6,850732684;75,71832758;0,6
2019;1;24;13;-5,502265015;69,90862583;0,6
2019;1;24;14;-4,860265092;66,31895175;0,7
2019;1;24;15;-4,784270531;68,65387964;0
2019;1;24;16;-4,977070264;63,66536018;0
2019;1;24;17;-5,601892487;64,15604593;0
2019;1;24;18;-5,942315391;63,16638195;1,9
2019;1;24;19;-5,807466916;62,16545121;0
2019;1;24;20;-5,622649841;61,58288075;0,5
2019;1;24;21;-5,237461408;62,36028113;0
2019;1;24;22;-5,09006108;59,97322069;0
2019;1;24;23;-4,929635007;56,42577566;0
2019;1;25;0;-4,498808245;53,06172084;0
2019;1;25;1;-4,373484484;53,17474151;0
2019;1;25;2;-4,437895724;52,4360897;0
2019;1;25;3;-5,158311074;54,55214742;0
2019;1;25;4;-5,754350369;57,66541191;0
2019;1;25;5;-5,689459633;60,109928;0
2019;1;25;6;-5,244422108;63,58624594;0
2019;1;25;7;-5,025262926;64,30073394;0
2019;1;25;8;-4,686770948;63,95028626;0
2019;1;25;9;-4,382074221;63,28604727;0
2019;1;25;10;-2,789524553;59,24428279;0
2019;1;25;11;-1,172766148;56,97159395;0
2019;1;25;12;-0,81483586;55,27549831;0,7
2019;1;25;13;-0,916745686;54,26608203;0
2019;1;25;14;-1,636046646;53,69941889;0,6
2019;1;25;15;-2,693506391;55,51390436;0,8
2019;1;25;16;-3,703399982;58,38054979;0
2019;1;25;17;-3,633457159;58,00460662;0
2019;1;25;18;-3,547100617;55,9949999;0,6
2019;1;25;19;-3,761927197;52,93562625;0,8
2019;1;25;20;-4,117977168;54,12340161;1,2
2019;1;25;21;-4,269332868;57,13073732;0
2019;1;25;22;-4,255480457;55,32805814;0,8
2019;1;25;23;-4,174901385;55,72657208;0,9
2019;1;26;0;-4,313942502;55,74697996;0
2019;1;26;1;-4,49695308;57,04564993;0,9
2019;1;26;2;-4,832361061;57,8745866;0,6
2019;1;26;3;-4,992916125;56,01634251;0,8
2019;1;26;4;-5,047949131;59,86267671;1
2019;1;26;5;-5,192775879;59,2015706;1,1
2019;1;26;6;-5,014567448;58,40555065;1
2019;1;26;7;-4,889927738;59,96175227;1,1
2019;1;26;8;-4,854539435;59,63922205;1,1
2019;1;26;9;-4,538475159;59,95006899;1,5
2019;1;26;10;-4,464829112;58,04930217;2,1
2019;1;26;11;-3,790275148;56,48419105;1,8
2019;1;26;12;-3,439162908;54,34754168;1,6
2019;1;26;13;-4,673608819;55,65652131;2
2019;1;26;14;-6,20308259;60,64239318;2,4
2019;1;26;15;-6,627668445;66,99239997;1,9
2019;1;26;16;-5,559408412;63,82081412;1,2
2019;1;26;17;-5,202732868;61,0121142;1
2019;1;26;18;-5,190102902;62,54161956;0,8
2019;1;26;19;-5,262931275;61,94393336;0
2019;1;26;20;-5,170242204;60,66289637;0
2019;1;26;21;-5,004930252;59,86406543;0,8
2019;1;26;22;-5,439070367;57,24082348;0
2019;1;26;23;-5,930555276;57,62316271;0,9
2019;1;27;0;-6,085995352;57,36839402;2,5
2019;1;27;1;-6,401834674;57,37731149;2,2
2019;1;27;2;-6,731291632;57,07717463;1,8
2019;1;27;3;-6,507935479;56,70394536;3
2019;1;27;4;-6,847864371;62,63299321;3,1
2019;1;27;5;-8,228804409;59,39160934;2,6
2019;1;27;6;-8,716727698;59,68501167;3,4
2019;1;27;7;-9,833394722;62,44221846;3,1
2019;1;27;8;-10,23290203;66,138342;2,8
2019;1;27;9;-9,5205264;65,48226195;3,1
2019;1;27;10;-8,263888276;64,00576087;3,5
2019;1;27;11;-7,768011265;62,25245051;3,5
2019;1;27;12;-6,97488158;59,44402564;3,6
2019;1;27;13;-6,44727723;61,29783834;4,8
2019;1;27;14;-6,795233607;61,43645706;4,2
2019;1;27;15;-7,255313483;60,68478582;4,1
2019;1;27;16;-7,205345064;61,91530292;4,6
2019;1;27;17;-6,821806718;62,26210616;4,4
2019;1;27;18;-6,493368676;61,42869733;4
2019;1;27;19;-6,082943583;62,74610908;4,5
2019;1;27;20;-5,852359348;63,47214899;3,5
2019;1;27;21;-5,554811581;61,95119568;3,4
2019;1;27;22;-5,075078126;58,68314725;5
2019;1;27;23;-4,55587106;57,28135774;4,8
2019;1;28;0;-4,053316579;56,04443323;4,8
2019;1;28;1;-3,556411779;56,11965586;4,8
2019;1;28;2;-3,334318505;55,60933843;5,2
2019;1;28;3;-3,11720677;53,80274685;4,9
2019;1;28;4;-2,966701992;54,71600902;4,4
2019;1;28;5;-2,807203526;56,93126285;3,5
2019;1;28;6;-2,819247169;58,83799663;3,4
2019;1;28;7;-2,791880527;58,34707369;3
2019;1;28;8;-2,63130499;58,2916313;4
2019;1;28;9;-1,902592352;56,00897984;3,6
2019;1;28;10;-1,444890959;55,30849372;3,8
2019;1;28;11;-1,19159438;56,95892656;3,6
2019;1;28;12;-1,265089333;57,65735122;3,5
2019;1;28;13;-1,466322049;57,91586937;3,6
2019;1;28;14;-1,883120922;59,80595405;3,4
2019;1;28;15;-2,251457537;61,65720732;2,9
2019;1;28;16;-2,533098578;60,86333746;2,5
2019;1;28;17;-2,733310897;58,98052598;2,7
2019;1;28;18;-2,723720353;57,23162599;2,5
2019;1;28;19;-2,656926973;58,67590495;1,8
2019;1;28;20;-2,61094946;58,78210081;1,2
2019;1;28;21;-2,597413547;57,44694204;1,7
2019;1;28;22;-2,610309205;56,04511133;1,2
2019;1;28;23;-2,713873136;56,65816532;1,3
2019;1;29;0;-2,663372416;55,6420363;1,2
2019;1;29;1;-2,508593121;53,26075191;0
2019;1;29;2;-2,446277784;51,05807601;1,2
2019;1;29;3;-2,588195188;50,12214407;1,8
2019;1;29;4;-2,751611439;52,38029147;0,6
2019;1;29;5;-2,773589205;52,4906507;0,9
2019;1;29;6;-2,894856671;55,62100178;1,3
2019;1;29;7;-3,007196189;55,13382998;1,4
2019;1;29;8;-3,142276458;55,90571519;2,3
2019;1;29;9;-3,220149519;56,05518218;2
2019;1;29;10;-3,040417535;53,96451367;1,8
2019;1;29;11;-2,299473311;54,39823125;2,9
2019;1;29;12;-2,170306067;58,33728465;2,6
2019;1;29;13;-2,509400626;58,39468414;3
2019;1;29;14;-2,669548902;56,64175152;2,5
2019;1;29;15;-3,186456749;56,91596334;2,5
2019;1;29;16;-3,570100393;56,9917139;2,9
2019;1;29;17;-3,819308912;57,83077544;2,7
2019;1;29;18;-3,988958847;57,97703356;3,5
2019;1;29;19;-4,090149149;59,81799393;2,7
2019;1;29;20;-4,068524386;60,12934289;2,2
2019;1;29;21;-4,165201855;58,66835576;2,8
2019;1;29;22;-4,368419861;55,57554755;2,5
2019;1;29;23;-4,841165202;55,47677855;2,4
2019;1;30;0;-5,137436797;55,76368119;3,3
2019;1;30;1;-5,579188471;55,21962833;2
2019;1;30;2;-6,701413844;56,18931103;2
2019;1;30;3;-7,547539317;58,14373525;1,8
2019;1;30;4;-7,731544025;60,13550093;1,4
2019;1;30;5;-7,748133954;61,89630481;0,7
2019;1;30;6;-8,309765788;66,21611566;0,8
2019;1;30;7;-8,772679818;65,29957437;1,3
2019;1;30;8;-9,06010573;65,05847774;1,6
2019;1;30;9;-9,191453677;64,38219562;1,8
2019;1;30;10;-9,021617388;64,10325014;2,5
2019;1;30;11;-8,071374964;61,54061912;2
2019;1;30;12;-7,026619926;61,60656064;2,7
2019;1;30;13;-7,085897925;60,80095394;0,8
2019;1;30;14;-7,256971107;66,32851048;0
2019;1;30;15;-8,34714908;70,72589378;2
2019;1;30;16;-10,57081512;74,88395408;0,8
2019;1;30;17;-12,06941835;75,54937824;1,2
2019;1;30;18;-13,12961256;69,18012016;1
2019;1;30;19;-12,31053475;68,23764269;1,2
2019;1;30;20;-11,38298286;64,6131923;0
2019;1;30;21;-10,31468889;62,28017875;0
2019;1;30;22;-9,762240256;60,91157631;0,8
2019;1;31;2;-9,617686903;60,88552658;1,1
2019;1;31;3;-9,030088455;60,15619849;0
2019;1;31;4;-8,548100889;59,783328;0
2019;1;31;5;-8,408517783;60,51088717;1,1
2019;1;31;6;-8,673215965;65,13402389;1,2
2019;1;31;7;-8,525560615;65,30650547;1,2
2019;1;31;8;-8,369442975;68,16465325;1,2
2019;1;31;9;-7,916396966;65,82248652;1,3
2019;1;31;10;-7,133558502;64,30266379;1,8
2019;1;31;11;-5,739034544;63,871895;1,7
2019;1;31;12;-4,973744558;63,74207273;1,8
2019;1;31;13;-4,676446362;64,30402284;1,7
2019;1;31;14;-5,620616496;69,54757723;1,9
2019;1;31;15;-6,050979751;68,7049462;2,3
2019;1;31;16;-6,275188888;67,52745131;2
2019;1;31;17;-6,026740756;64,14004471;1,3
2019;1;31;18;-5,439618378;60,22383896;0,6
2019;1;31;19;-4,815360057;57,70430988;0
2019;1;31;20;-4,525109182;57,00292854;1,1
2019;1;31;21;-4,21054435;53,33820378;1,1
2019;1;31;22;-3,963043232;52,46392502;1,5
2019;1;31;23;-3,703513297;52,73203424;1
2019;2;1;0;-3,404785421;56,24461509;1,7
2019;2;1;1;-3,079960436;55,12755727;2,3
2019;2;1;2;-2,806000456;51,69084695;3,1
2019;2;1;3;-2,57562688;50,80915354;3,7
2019;2;1;4;-2,546734332;53,51905416;3,8
2019;2;1;5;-2,652400961;53,45927069;3,7
2019;2;1;6;-2,697892103;55,93919657;4,5
2019;2;1;7;-2,639938726;56,84244802;2,9
2019;2;1;8;-1,985485858;54,89615793;2,7
2019;2;1;9;-1,523572731;51,21398419;5
2019;2;1;10;-1,403231666;51,60486239;5,4
2019;2;1;11;-1,370974367;55,82537124;6,1
2019;2;1;12;-1,66973982;58,56731896;5,7
2019;2;1;13;-1,918941569;59,68811929;4
2019;2;1;14;-1,995626865;60,08646914;5,2
2019;2;1;15;-2,532079013;61,07490912;4,7
2019;2;1;16;-2,914033637;63,02533444;5
2019;2;1;17;-2,995037319;65,01398854;5,2
2019;2;1;18;-2,914701267;60,77484439;5,9
2019;2;1;19;-2,73897947;58,81639445;5,4
2019;2;1;20;-2,631285803;57,66637994;3,9
2019;2;1;21;-2,374523662;57,0995306;3,7
2019;2;1;22;-2,12883226;54,17012277;2,9
2019;2;1;23;-1,980839861;54,29665499;3,3
2019;2;2;0;-1,853038511;53,41988497;3,2
2019;2;2;1;-1,607013889;50,64061597;2,3
2019;2;2;2;-1,41444236;50,41826974;1,8
2019;2;2;3;-1,194741646;48,59315057;1,8
2019;2;2;4;-0,941905601;44,36950577;2
2019;2;2;5;-0,649959605;44,98631534;2
2019;2;2;6;-0,427959219;49,28465583;2,4
2019;2;2;7;-0,222741118;50,43495534;2,9
2019;2;2;8;-0,05691511;51,8323854;2,1
2019;2;2;9;0,49153621;51,64338836;2,5
2019;2;2;10;1,040640342;50,96862655;2,8
2019;2;2;11;1,411612534;49,44302273;2
2019;2;2;12;1,236427958;50,24642445;2,4
2019;2;2;13;1,416286171;52,76059032;3,6
2019;2;2;14;1,017253531;50,97935801;3,2
2019;2;2;15;0,823156288;49,79681316;3,3
2019;2;2;16;0,605258834;54,95358717;3,1
2019;2;2;17;0,458248527;55,56933861;4,6
2019;2;2;18;0,327726065;54,97257153;4
2019;2;2;19;0,236811331;55,80599613;3,2
2019;2;2;20;0,07276776;53,2360673;2,9
2019;2;2;21;-0,029069206;52,70026531;4
2019;2;2;22;-0,22728789;51,89914424;3,9
2019;2;2;23;-0,369538813;51,73262505;4,4
2019;2;3;0;-0,615596554;51,97379647;4,7
2019;2;3;1;-0,934115796;55,19562772;4,3
2019;2;3;2;-1,268113129;55,77427444;4,3
2019;2;3;3;-1,630029705;55,10141354;4,9
2019;2;3;4;-2,493842466;56,02649962;6,9
2019;2;3;5;-4,426821576;61,94143496;5,5
2019;2;3;6;-5,123879735;69,39025414;5,2
2019;2;3;7;-5,658069834;69,29393954;4,7
2019;2;3;8;-6,202372231;68,47609621;4,8
2019;2;3;9;-6,497488907;66,40247375;4,6
2019;2;3;10;-6,337071742;68,31643725;5,1
2019;2;3;11;-6,522371026;69,98077091;6,9
2019;2;3;12;-6,367988155;69,70227096;5,8
2019;2;3;13;-6,468978867;68,07572347;5,8
2019;2;3;14;-6,750782564;63,93400301;4,8
2019;2;3;15;-7,795581896;66,33424551;3,8
2019;2;3;16;-9,081748172;68,59633906;1,7
2019;2;3;17;-10,07407483;72,5232618;2,9
2019;2;3;18;-10,90453382;72,80865461;1,4
2019;2;3;19;-11,36925756;73,39825272;1
2019;2;3;20;-11,57220872;72,33248821;1,2
2019;2;3;21;-10,71569484;70,19749461;2,2
2019;2;3;22;-12,19953683;69,9709216;0,6
2019;2;3;23;-13,96859034;71,16484582;0
2019;2;4;0;-15,0204919;71,03136041;0,6
2019;2;4;1;-13,98938816;68,22414025;0
2019;2;4;2;-12,19109638;64,65750026;1,2
2019;2;4;3;-12,14668194;64,51705257;0
2019;2;4;4;-12,18256779;65,84153064;0
2019;2;4;5;-11,66460735;69,14061384;0,7
2019;2;4;6;-10,50970862;72,60303613;0,8
2019;2;4;7;-9,475969378;70,28418903;0
2019;2;4;8;-9,028400607;70,74918326;1,2
2019;2;4;9;-8,563882107;64,5084768;0,6
2019;2;4;10;-6,283167373;61,74354681;1
2019;2;4;11;-4,346865949;63,51884482;2,2
2019;2;4;12;-3,684462941;63,16753477;2
2019;2;4;13;-3,221530229;58,84159739;2,1
2019;2;4;14;-3,59867091;58,98348206;0,7
2019;2;4;15;-3,531494566;58,59709849;1
2019;2;4;16;-3,51510773;57,80922392;2
2019;2;4;17;-3,22825121;52,75163313;1,9
2019;2;4;18;-2,634150455;50,52849702;1,1
2019;2;4;19;-2,328399964;50,76760255;1,5
2019;2;4;20;-2,155546975;50,13249506;1,3
2019;2;4;21;-1,977161966;49,88068868;1,8
2019;2;4;22;-1,668538175;48,60796468;1,9
2019;2;4;23;-1,329416028;47,05130806;1,3
2019;2;5;0;-0,804573651;45,31701937;1,7
2019;2;5;1;-0,33608499;46,27194591;1,8
2019;2;5;2;0,02788553;46,43323156;1,6
2019;2;5;3;0,274387613;47,23389287;1,6
2019;2;5;4;0,451905322;47,29212181;2,2
2019;2;5;5;0,501014475;47,93434923;1,6
2019;2;5;6;0,500342461;51,90938527;1,5
2019;2;5;7;0,555558902;50,55053293;1,4
2019;2;5;8;0,788549304;50,32646763;0,9
2019;2;5;9;1,296314175;47,42114186;0,8
2019;2;5;10;1,719385184;49,87941464;0,6
2019;2;5;11;1,948134032;52,29502057;0,9
2019;2;5;12;2,105481905;48,4425019;1
2019;2;5;13;1,901528222;48,16328047;1,5
2019;2;5;14;-1,164737425;51,413827;2
2019;2;5;15;-2,570282994;55,91033994;5,2
2019;2;5;16;-3,307773514;56,00713785;3,9
2019;2;5;17;-4,149099353;55,45126246;4,8
2019;2;5;18;-4,956310743;62,55977706;4,4
2019;2;5;19;-5,701083067;64,02217959;4
2019;2;5;20;-7,22364498;63,77915564;3,7
2019;2;5;21;-7,951857906;65,13276983;3,4
2019;2;5;22;-8,990103174;63,81967185;2,6
2019;2;5;23;-10,96084604;70,13588009;1,8
2019;2;6;0;-11,95585358;70,6197229;0,6
2019;2;6;1;-12,02082847;73,60985656;1,2
2019;2;6;2;-12,54345488;85,30820337;0
2019;2;6;3;-13,34137774;77,67249528;2
2019;2;6;4;-14,29840969;76,81897247;0
2019;2;6;5;-14,7430992;80,11202593;0,7
2019;2;6;6;-15,11908955;84,58502159;0,9
2019;2;6;7;-15,26956838;85,87254153;0
2019;2;6;8;-14,81862317;83,8980448;0
2019;2;6;9;-12,58148504;76,54861879;0,8
2019;2;6;10;-9,986671927;70,40094691;1
2019;2;6;11;-7,277393489;65,28634416;0,8
2019;2;6;12;-5,430473634;61,38641667;0
2019;2;6;13;-5,567170842;60,64398434;0
2019;2;6;14;-5,717178391;61,55331359;0
2019;2;6;15;-5,868349531;61,62535292;1
2019;2;6;16;-6,074271747;61,96617377;1,1
2019;2;6;17;-5,662593624;58,20182896;1
2019;2;6;18;-5,174792511;57,65523289;1,1
2019;2;6;19;-4,602565985;50,96937784;1,5
2019;2;6;20;-3,971657972;59,50944862;2
2019;2;6;21;-3,377536867;57,95837702;2
2019;2;6;22;-2,667356622;51,55210217;1,8
2019;2;6;23;-2,128749675;45,60195798;2,4
2019;2;7;0;-1,63865347;56,6563778;1,8
2019;2;7;1;-1,187015553;57,86575562;2,1
2019;2;7;2;-0,809944987;53,64753737;1,6
2019;2;7;3;-0,61914665;50,99133309;1,7
2019;2;7;4;-0,455479671;49,59014299;1,6
2019;2;7;5;-0,29565731;48,86297305;2,4
2019;2;7;6;-0,278172163;50,95598529;4,5
2019;2;7;7;-0,121377557;50,98908242;3,7
2019;2;7;8;-0,115361263;51,18288311;3,3
2019;2;7;9;0,344182693;48,27904771;3,8
2019;2;7;10;1,246141774;45,91716505;2,2
2019;2;7;11;1,550096135;46,6957383;2,8
2019;2;7;12;1,671092655;48,50929011;1,1
2019;2;7;13;2,310632444;45,71010022;0
2019;2;7;14;2,310791382;45,03286651;0
2019;2;7;15;1,713112761;43,57481183;1
2019;2;7;16;1,325703535;46,32443799;1,6
2019;2;7;17;1,191775093;50,50112916;2,5
2019;2;7;18;0,978925441;47,65889305;2
2019;2;7;19;0,768816175;47,37520127;2
2019;2;7;20;0,604205611;45,64364907;2
2019;2;7;21;0,619441493;41,82831411;1,6
2019;2;7;22;0,652101432;41,43054643;1,9
2019;2;7;23;0,716995103;41,28280165;1,9
2019;2;8;0;0,810184632;40,08859135;2,2
2019;2;8;1;0,945626286;42,18193397;3,3
2019;2;8;2;0,970896163;47,09198818;2,5
2019;2;8;3;1,067957193;46,6828021;2,8
2019;2;8;4;1,190438161;47,72520776;3,5
2019;2;8;5;1,43326397;49,76460559;3,9
2019;2;8;6;1,816689535;51,291238;4,6
2019;2;8;7;2,124112336;48,54285433;4,3
2019;2;8;8;2,171467604;49,28164409;4,7
2019;2;8;9;2,29920862;47,35530356;4,8
2019;2;8;10;2,785927467;46,55148911;4,4
2019;2;8;11;3,130468813;47,11884709;7,8
2019;2;8;12;2,852151083;49,39394711;8,7
2019;2;8;13;2,271368899;49,41503651;8
2019;2;8;14;2,020588738;51,63153167;7
2019;2;8;15;1,561942836;51,50840548;6,3
2019;2;8;16;1,215592035;51,16785476;4,7
2019;2;8;17;1,498986909;52,70507856;3,9
2019;2;8;18;2,219352554;45,17193219;5,2
2019;2;8;19;2,388013358;42,8179749;3
2019;2;8;20;2,548108579;46,3650947;2,9
2019;2;8;21;2,391470054;44,06871666;1,8
2019;2;8;22;2,219174108;42,83050764;1,9
2019;2;8;23;2,083430056;45,08420236;2
2019;2;9;0;2,029300322;44,96135356;2,4
2019;2;9;1;2,121247775;44,05472702;2,6
2019;2;9;2;2,267625635;44,54635937;2,5
2019;2;9;3;2,534512169;42,85434196;2,3
2019;2;9;4;2,814274327;42,56581097;2,4
2019;2;9;5;2,876230341;42,67644908;3,3
2019;2;9;6;2,906756925;41,33115784;2,6
2019;2;9;7;3,059940326;42,39830337;2,9
2019;2;9;8;3,180175172;43,56141282;2,6
2019;2;9;9;3,427629782;42,14018899;2,4
2019;2;9;10;3,645382413;40,58961725;2,5
2019;2;9;11;3,707309861;40,11899009;2,9
2019;2;9;12;3,544559361;39,55013817;2,5
2019;2;9;13;3,608837537;39,57991883;2,6
2019;2;9;14;3,72319917;39,92906092;2,6
2019;2;9;15;3,715156902;40,07500743;1,8
2019;2;9;16;3,342407134;41,92828752;2,2
2019;2;9;17;2,816421248;43,8881146;1,9
2019;2;9;18;2,301446292;43,3295436;1,9
2019;2;9;19;1,757101534;44,72649875;1,7
2019;2;9;20;0,993496237;44,74986682;1,9
2019;2;9;21;1,75446398;41,55587929;2,2
2019;2;9;22;2,158543973;41,53794111;2
2019;2;9;23;2,349459736;41,59028727;2,2
2019;2;10;0;2,4009779;40,81903052;2,9
2019;2;10;1;2,475069515;40,34498505;3,6
2019;2;10;2;2,663042461;41,45503558;4
2019;2;10;3;3,023733971;42,46364006;4,3
2019;2;10;4;3,280621957;42,37797997;4,1
2019;2;10;5;3,313754097;40,40790889;4,4
2019;2;10;6;3,497013499;39,09143545;4,7
2019;2;10;7;3,474377261;38,45380219;5
2019;2;10;8;3,589631516;38,72982387;5,6
2019;2;10;9;3,824231801;38,57661843;5,4
2019;2;10;10;4,002014332;37,22704634;8,6
2019;2;10;11;4,875810785;35,65410512;6,1
2019;2;10;12;5,523747965;35,31756546;6,7
2019;2;10;13;5,33883358;33,06907225;3
2019;2;10;14;5,169621753;32,52757764;3,3
2019;2;10;15;4,704215857;36,47391938;3,1
2019;2;10;16;4,000884075;40,85526804;2,5
2019;2;10;17;3,387038119;41,43050354;1,6
2019;2;10;18;3,091620948;38,94011345;2,8
2019;2;10;19;3,158108327;38,75632159;1,2
2019;2;10;20;3,027633004;39,40188437;0,9
2019;2;10;21;2,851698515;37,31015643;1,3
2019;2;10;22;2,744358981;36,95770736;0,8
2019;2;10;23;2,631202165;39,20543616;0
2019;2;11;0;2,41341618;40,57366899;0,6
2019;2;11;1;1,567650413;41,31878942;0
2019;2;11;2;-0,638798532;45,55427116;0
2019;2;11;3;-1,812230429;48,76211459;0,6
2019;2;11;4;-1,696245117;52,55488451;0,7
2019;2;11;5;-0,333079585;51,24049799;0
2019;2;11;6;0,729724728;46,32233314;1,7
2019;2;11;7;0,683189412;48,03089956;3,4
2019;2;11;8;0,516351853;52,79165418;4,2
2019;2;11;9;0,468229584;54,64547907;4,1
2019;2;11;10;1,552323356;50,26746611;3,7
2019;2;11;11;1,595567536;47,46046623;4,7
2019;2;11;12;1,445589389;48,60155197;6
2019;2;11;13;1,6527273;48,39588146;5,1
2019;2;11;14;1,482508389;47,10369507;5,4
2019;2;11;15;0,916196308;51,13257471;4,2
2019;2;11;16;-0,113940413;57,6097456;5,1
2019;2;11;17;-0,925344828;62,43634382;5,1
2019;2;11;18;-1,490668391;56,67343843;4,1
2019;2;11;19;-1,609543988;53,5779381;4,6
2019;2;11;20;-1,811992203;50,82701416;3,7
2019;2;11;21;-2,05667776;52,39594776;4,1
2019;2;11;22;-2,136842766;54,28749147;4,3
2019;2;11;23;-2,319796174;55,95027149;4,7
2019;2;12;0;-2,437470479;55,46631293;3,4
2019;2;12;1;-2,515910836;55,8130489;3,8
2019;2;12;2;-2,422905893;56,1430569;3,7
2019;2;12;3;-2,782223723;57,75930241;3,6
2019;2;12;4;-3,251920455;61,32868566;2,9
2019;2;12;5;-3,736732543;64,66123134;3,9
2019;2;12;6;-3,656553829;68,66296851;3,4
2019;2;12;7;-3,553211886;69,77557972;2,9
2019;2;12;8;-3,195793433;65,66745202;3,8
2019;2;12;9;-2,05286135;62,38832138;3,1
2019;2;12;10;-0,479402271;54,67843084;5,5
2019;2;12;11;0,963559354;50,02042078;4,2
2019;2;12;12;1,351198847;51,86511536;5,9
2019;2;12;13;1,577957535;51,31989049;5,1
2019;2;12;14;1,501219118;50,98254917;5,4
2019;2;12;15;1,130587858;56,55338209;3,5
2019;2;12;16;0,316755299;57,91627853;1,8
2019;2;12;17;-0,979217727;61,41551215;3,7
2019;2;12;18;-0,787180604;60,37742429;2,1
2019;2;12;19;-0,455847574;56,58769467;3,9
2019;2;12;20;-0,351115697;54,54918681;2,6
2019;2;12;21;-0,736384992;54,86577511;2,4
2019;2;12;22;-0,208382836;49,13527716;3,3
2019;2;12;23;0,328860395;48,18859725;3,1
2019;2;13;0;0,751814452;46,69405807;3,2
2019;2;13;1;1,276804434;43,63735134;3,1
2019;2;13;2;2,084250567;43,10433461;6,8
2019;2;13;3;2,699362726;40,48603052;6,8
2019;2;13;4;3,165279242;42,5422454;5,7
2019;2;13;5;3,326206834;44,34667408;6,2
2019;2;13;6;3,028780487;48,46985352;6,5
2019;2;13;7;3,427698645;48,3829074;5,9
2019;2;13;8;4,144620656;47,79616688;6,4
2019;2;13;9;4,698993668;42,28326778;4,2
2019;2;13;10;6,06555298;36,20495465;4,1
2019;2;13;11;7,761558597;34,16191048;4,6
2019;2;13;12;8,354672743;33,72888775;3,2
2019;2;13;13;8,117110582;34,30535093;2,6
2019;2;13;14;7,771917877;33,01236168;4,3
2019;2;13;15;7,446805567;36,62218517;4,1
2019;2;13;16;5,617000926;39,72667278;4,6
2019;2;13;17;4,659820496;40,15041044;5,3
2019;2;13;18;4,245386489;39,62557839;5,9
2019;2;13;19;3,757054377;38,56323726;4,8
2019;2;13;20;3,997909308;35,49585182;3,3
2019;2;13;21;3,613979948;37,58772597;4,5
2019;2;13;22;3,268776439;34,00465916;2,7
2019;2;13;23;2,408594935;34,91367393;1
2019;2;14;0;0,740378633;40,24453165;1,6
2019;2;14;1;-0,06310636;42,85374988;2
2019;2;14;2;0,173279997;42,60195909;1,8
2019;2;14;3;0,286066418;41,16773897;1,6
2019;2;14;4;-0,536829575;47,62910185;3,5
2019;2;14;5;-0,303908874;51,97413966;4,6
2019;2;14;6;0,132468305;55,02998981;5,1
2019;2;14;7;0,397077021;52,01385871;5
2019;2;14;8;1,926643767;47,87624031;5,1
2019;2;14;9;3,227541916;45,41256358;8,5
2019;2;14;10;3,972560612;42,32164055;6,8
2019;2;14;11;4,710104802;41,39440047;7,5
2019;2;14;12;5,491680106;39,63729187;7
2019;2;14;13;6,274451558;35,53219149;8,8
2019;2;14;14;6,550962119;38,85560309;9,4
2019;2;14;15;6,261137322;43,81750855;10,5
2019;2;14;16;5,660854909;44,22808353;10,7
2019;2;14;17;5,355376338;43,47037585;7,7
2019;2;14;18;4,872322333;44,27298335;7,8
2019;2;14;19;4,556610667;42,75012322;10,1
2019;2;14;20;4,300114222;41,71753429;8,6
2019;2;14;21;4,21644232;40,61481463;6,3
2019;2;14;22;3,864203069;38,64423833;3,4
2019;2;14;23;3,504051806;38,74310717;4
2019;2;15;0;3,309871088;38,87052502;3
2019;2;15;1;3,060052611;39,74657446;2,8
2019;2;15;2;2,927008719;39,33661558;2,5
2019;2;15;3;2,367578198;40,9392077;3,8
2019;2;15;4;2,16560811;41,62319818;4,2
2019;2;15;5;2,182284868;42,86897536;4,7
2019;2;15;6;2,164672867;47,05837411;4,2
2019;2;15;7;2,586865225;45,55635845;5,8
2019;2;15;8;3,468538492;43,60457266;5,1
2019;2;15;9;4,648720651;41,42423228;5
2019;2;15;10;5,655264046;39,61533668;4,3
2019;2;15;11;6,891703811;37,72042049;5,7
2019;2;15;12;7,742995596;34,86229266;6,6
2019;2;15;13;6,958990472;33,68181034;6,1
2019;2;15;14;5,704596077;36,70994044;5,6
2019;2;15;15;4,92166273;40,11717623;5,9
2019;2;15;16;4,01619105;40,51928529;6,1
2019;2;15;17;3,664509145;41,28693046;5,3
2019;2;15;18;3,15136444;39,92067835;4,6
2019;2;15;19;2,6389137;39,58908755;5,3
2019;2;15;20;1,934450361;41,06432927;5,3
2019;2;15;21;1,172461268;41,44840617;6,3
2019;2;15;22;1,661224751;40,33017589;7,6
2019;2;15;23;1,836448303;41,73227377;7
2019;2;16;0;2,016830012;40,7661752;5,8
2019;2;16;1;1,910000866;40,68245543;6,2
2019;2;16;2;1,071187665;40,66319574;6,1
2019;2;16;3;1,47731118;39,98494837;6,1
2019;2;16;4;0,933269309;42,04656421;4,9
2019;2;16;5;0,579602992;43,77114544;5
2019;2;16;6;0,757129262;44,4536806;5,8
2019;2;16;7;0,994802511;46,32653522;4
2019;2;16;8;1,800340407;47,02286401;5,6
2019;2;16;9;3,087038351;41,85457485;7,7
2019;2;16;10;4,380061815;40,16581183;6,9
2019;2;16;11;5,48620813;39,45883073;6,1
2019;2;16;12;6,416530298;38,00224931;7,5
2019;2;16;13;6,494997294;32,5413749;6,8
2019;2;16;14;5,589640384;34,72867706;8,7
2019;2;16;15;5,290510822;39,34506142;8,3
2019;2;16;16;5,151074471;38,77552606;6,3
2019;2;16;17;5,013162045;37,86881816;5,9
2019;2;16;18;4,813113546;37,81411441;4,5
2019;2;16;19;3,66298454;38,34120953;4,1
2019;2;16;20;2,402085068;38,56950166;3,5
2019;2;16;21;1,109566383;39,55957856;2,2
2019;2;16;22;0,273172285;39,87019436;1,5
2019;2;16;23;-0,255256613;39,01878316;1,6
2019;2;17;0;-0,336449603;37,12224654;1,7
2019;2;17;1;0,609127856;38,25449265;2
2019;2;17;2;0,074619989;39,32365094;2
2019;2;17;3;-1,085553724;41,52169381;0
2019;2;17;4;-2,016975244;47,03370163;0
2019;2;17;5;-2,125166742;49,67661283;0
2019;2;17;6;-1,82758086;51,25223495;0
2019;2;17;7;-0,882112787;50,12281644;0
2019;2;17;8;0,209901303;48,13657192;0
2019;2;17;9;1,837068417;43,30804437;0
2019;2;17;10;2,732787544;43,09490945;0
2019;2;17;11;3,879594845;41,37351738;0,6
2019;2;17;12;4,911215715;38,97311373;1,6
2019;2;17;13;5,583082791;37,02273818;0,6
2019;2;17;14;5,597368557;38,46389566;0
2019;2;17;15;4,639922226;41,21376681;0
2019;2;17;16;3,725311094;43,71793041;0
2019;2;17;17;2,6651589;45,69434246;0,6
2019;2;17;18;2,279826615;46,13907932;0
2019;2;17;19;1,918193899;46,30435946;0,6
2019;2;17;20;2,024991694;44,79367247;0,8
2019;2;17;21;2,135219562;45,82410914;0,8
2019;2;17;22;2,26890393;43,05471309;1,2
2019;2;17;23;2,103763403;42,36121275;1,3
2019;2;18;0;1,966193632;43,07112144;1,3
2019;2;18;1;2,069770631;42,02920101;1,4
2019;2;18;2;2,201267666;41,15339466;1,1
2019;2;18;3;2,362314378;41,66683464;1,5
2019;2;18;4;2,52026151;43,3270404;1,7
2019;2;18;5;2,596665803;44,18449326;2
2019;2;18;6;2,742325194;48,10407482;1,9
2019;2;18;7;2,771765885;48,81340421;2,3
2019;2;18;8;3,017501458;47,02842371;1,8
2019;2;18;9;3,853466683;43,43716378;2,2
2019;2;18;10;4,35990926;43,03081657;4
2019;2;18;11;4,856309369;39,92000801;3,5
2019;2;18;12;5,537420532;37,41920631;4,2
2019;2;18;13;6,657571747;34,8443445;2,9
2019;2;18;14;6,956854246;35,07277385;3
2019;2;18;15;6,848108284;35,8278957;2,3
2019;2;18;16;6,306666207;36,579601;2,9
2019;2;18;17;6,086714097;38,03046346;3
2019;2;18;18;5,905124039;37,78967619;3
2019;2;18;19;5,962390106;36,18109282;3,5
2019;2;18;20;5,886247477;34,13925026;3
2019;2;18;21;5,773398623;33,17921752;2,8
2019;2;18;22;5,638011965;31,24351841;2,8
2019;2;18;23;5,638152672;30,5490959;2,6
2019;2;19;0;5,558174802;30,59315509;3
2019;2;19;1;5,520007457;31,39633288;2,6
2019;2;19;2;5,14533217;32,78676657;2,3
2019;2;19;3;4,95391203;32,65488132;2,9
2019;2;19;4;4,625945667;34,85318278;2,8
2019;2;19;5;4,639700193;34,76516208;3,9
2019;2;19;6;4,326362113;38,30156819;3,5
2019;2;19;7;4,043911823;39,10603683;3,3
2019;2;19;8;4,511930516;37,09342014;5,4
2019;2;19;9;5,022816581;36,29378281;3
2019;2;19;10;5,453884831;32,86035197;3,5
2019;2;19;11;5,290870842;32,88935362;2,9
2019;2;19;12;5,792285003;34,00122867;5,8
2019;2;19;13;6,075575365;34,9082729;5,4
2019;2;19;14;5,508352139;36,21119257;5,2
2019;2;19;15;5,230572689;36,65183762;4,3
2019;2;19;16;4,894849439;38,19062108;3,8
2019;2;19;17;4,4787311;38,688691;3,7
2019;2;19;18;4,18386812;37,30274263;3,9
2019;2;19;19;3,914106308;36,90393375;4,6
2019;2;19;20;3,787020854;38,36197123;4,6
2019;2;19;21;2,629065875;40,07555948;4,6
2019;2;19;22;1,694085356;39,7257383;3,4
2019;2;19;23;1,076975916;40,83530248;3,8
2019;2;20;0;0,749563581;39,88553995;4,5
2019;2;20;1;0,242123526;38,63562609;3,8
2019;2;20;2;0,56499263;39,41064189;5,3
2019;2;20;3;1,450507289;40,77656339;4,9
2019;2;20;4;1,84117227;41,55996858;7,6
2019;2;20;5;1,150660387;45,19569292;6
2019;2;20;6;0,864754578;50,62442215;6,2
2019;2;20;7;0,360311209;52,14726642;6
2019;2;20;8;0,519789483;50,74069088;5,8
2019;2;20;9;1,517934866;47,17541402;7,3
2019;2;20;10;2,349398589;45,09333844;6,2
2019;2;20;11;3,16329667;44,64870558;6,2
2019;2;20;12;3,438717383;39,93488863;6,1
2019;2;20;13;3,628012154;41,55117323;5,3
2019;2;20;14;3,586983869;42,21523652;6,2
2019;2;20;15;3,295909244;43,35893834;3,8
2019;2;20;16;2,181321646;48,81383296;0,7
2019;2;20;17;-0,936603502;57,14812902;0,6
2019;2;20;18;-2,779758819;58,84660956;0
2019;2;20;19;-2,613266004;56,37056918;2
2019;2;20;20;-2,49410303;52,33432227;2,3
2019;2;20;21;-2,986278459;54,27515345;2,1
2019;2;20;22;-2,741982499;54,3534886;1,7
2019;2;20;23;-2,343814769;52,40793659;1,7
2019;2;21;0;-2,265681067;50,77616226;2,4
2019;2;21;1;-2,362068357;50,20595;2,5
2019;2;21;2;-2,06150755;51,11348116;1,6
2019;2;21;3;-2,102430982;51,32919358;2,3
2019;2;21;4;-2,440656451;51,56881155;3,3
2019;2;21;5;-3,374301242;57,83121335;3,2
2019;2;21;6;-3,70731657;62,79645665;2,8
2019;2;21;7;-3,688536977;62,11743212;3,3
2019;2;21;8;-2,906502081;62,29762585;4,1
2019;2;21;9;-1,929312143;60,22933618;3,4
2019;2;21;10;-1,118493588;58,12736604;3,9
2019;2;21;11;-0,516411714;53,77614372;3,4
2019;2;21;12;-0,140237038;54,06162038;3,5
2019;2;21;13;-0,010334559;56,5327156;3
2019;2;21;14;-0,182198241;55,31071721;2,8
2019;2;21;15;-0,808872692;56,81632687;3,9
2019;2;21;16;-2,409779794;59,4682919;5,6
2019;2;21;17;-3,00169007;61,21216698;3,6
2019;2;21;18;-3,49371669;58,06504652;3,4
2019;2;21;19;-3,984226127;58,97982302;1,8
2019;2;21;20;-3,853832433;62,0013073;0,9
2019;2;21;21;-3,59671646;64,62998708;0,8
2019;2;21;22;-3,543298528;59,83118966;0,8
2019;2;21;23;-4,21810631;61,93467291;0
2019;2;22;0;-6,184919872;65,27617953;0,8
2019;2;22;1;-7,306584587;63,43844573;0,9
2019;2;22;2;-7,337121887;64,19108922;0
2019;2;22;3;-8,207297404;67,39707809;0
2019;2;22;4;-9,838744967;70,64561474;0
2019;2;22;5;-10,95090843;73,68775661;0
2019;2;22;6;-11,36676699;79,93666663;0
2019;2;22;7;-10,8311512;83,63939744;0,6
2019;2;22;8;-8,651991104;72,55705548;0
2019;2;22;9;-4,56017851;62,53741789;0,9
2019;2;22;10;-1,300208509;56,9744823;2
2019;2;22;11;-0,24201193;53,758561;3,1
2019;2;22;12;0,496486797;47,01179522;3,8
2019;2;22;13;1,092434841;45,57317869;4,8
2019;2;22;14;1,071896377;46,8626477;3,9
2019;2;22;15;0,561018146;47,64681853;2,5
2019;2;22;16;0,082249552;48,91287397;2,9
2019;2;22;17;-0,341741161;51,32382393;3,2
2019;2;22;18;-0,573048409;51,7741208;3,6
2019;2;22;19;-0,774709434;52,13559708;3,7
2019;2;22;20;-0,545116884;52,64331787;3,6
2019;2;22;21;-0,386997993;53,50866473;4,4
2019;2;22;22;-0,099466046;52,44230055;4,3
2019;2;22;23;0,197464351;52,18999849;6,3
2019;2;23;0;0,341599514;51,20217058;7,3
2019;2;23;1;0,740663631;50,68841856;6,2
2019;2;23;2;1,001961042;49,53722183;6,1
2019;2;23;3;1,120196073;48,97266587;5,9
2019;2;23;4;1,418767917;49,61292078;6,5
2019;2;23;5;1,670802447;47,52297638;5,7
2019;2;23;6;1,814166742;47,36092219;5,7
2019;2;23;7;1,959904751;46,79244105;4,3
2019;2;23;8;2,363453237;46,22609555;4,3
2019;2;23;9;3,099147148;44,29110625;5,3
2019;2;23;10;3,957826478;41,3566248;5,4
2019;2;23;11;4,470476965;38,63685723;5,5
2019;2;23;12;4,923877821;37,791817;5,9
2019;2;23;13;5,312454311;36,67434902;6,1
2019;2;23;14;5,245519731;36,95748416;4,5
2019;2;23;15;4,667654095;38,39120185;5,8
2019;2;23;16;3,846554599;40,15979669;3,5
2019;2;23;17;3,296111565;41,21024212;3,7
2019;2;23;18;2,964671851;41,30922851;4,6
2019;2;23;19;2,928385412;40,51512853;3,3
2019;2;23;20;2,927235647;39,20136901;4,4
2019;2;23;21;2,923805297;39,42781279;4,5
2019;2;23;22;2,987750448;38,06949688;4,3
2019;2;23;23;3,087862446;36,42128253;5
2019;2;24;0;3,128162753;35,97394311;5,6
2019;2;24;1;3,049528972;37,64454166;6,2
2019;2;24;2;2,991723441;38,52761561;6,7
2019;2;24;3;3,057765983;38,30324288;6,1
2019;2;24;4;3,249169617;39,77995876;6,1
2019;2;24;5;3,371776489;40,07922808;7,3
2019;2;24;6;3,586355275;41,1615426;6,2
2019;2;24;7;3,939959916;41,97373868;7,2
2019;2;24;8;4,596324253;40,81312169;6,4
2019;2;24;9;4,952411629;40,42590897;6,2
2019;2;24;10;5,445441629;38,65595496;6,6
2019;2;24;11;6,440918882;37,07091241;5,8
2019;2;24;12;7,556713703;32,43209124;5,9
2019;2;24;13;8,403694669;31,17174949;7,4
2019;2;24;14;8,871943884;29,98960167;6,7
2019;2;24;15;8,301926554;31,25446877;4,2
2019;2;24;16;6,993464628;35,89630569;3,4
2019;2;24;17;6,130274409;38,51547583;4,1
2019;2;24;18;5,302528626;40,54392975;3,7
2019;2;24;19;2,929597954;43,60977998;3,2
2019;2;24;20;1,308137439;42,8237398;2,9
2019;2;24;21;2,442018533;38,35911965;2,2
2019;2;24;22;1,441610859;39,76893546;3,7
2019;2;24;23;2,41820203;39,40652454;4,9
2019;2;25;0;2,352670329;39,22209366;2,6
2019;2;25;1;1,8240309;41,46402161;1,1
2019;2;25;2;1,660333703;44,22445363;1
2019;2;25;3;1,059299834;44,97954075;1,5
2019;2;25;4;1,333833231;43,84555917;1,5
2019;2;25;5;1,641163782;44,72154088;2
2019;2;25;6;1,816931806;48,77643398;2,4
2019;2;25;7;2,059691095;48,57674497;3,2
2019;2;25;8;2,39856706;48,92323645;4,9
2019;2;25;9;2,984137905;45,0632113;6,1
2019;2;25;10;4,261927166;40,98806636;6,9
2019;2;25;11;6,627526097;34,40848625;5,4
2019;2;25;12;8,395303899;32,71424754;6
2019;2;25;13;8,823770244;32,99328014;4,5
2019;2;25;14;8,915854688;32,27966815;4,3
2019;2;25;15;8,452303702;35,97541843;3,7
2019;2;25;16;7,685696353;39,0131056;3
2019;2;25;17;6,691084853;37,77138563;4,1
2019;2;25;18;6,31105012;35,74523428;4,6
2019;2;25;19;5,06806327;37,2094796;2,5
2019;2;25;20;4,641613388;35,72575438;5,9
2019;2;25;21;4,056567535;36,13061239;4,6
2019;2;25;22;3,435339799;36,49149626;6,7
2019;2;25;23;4,542889119;32,88883522;4,3
2019;2;26;0;3,06433033;33,01353149;5,9
2019;2;26;1;2,73028377;32,24455789;6,1
2019;2;26;2;2,898507218;31,56747899;5
2019;2;26;3;2,853473779;33,88315254;6,4
2019;2;26;4;2,521034724;37,11019504;4,8
2019;2;26;5;2,381474709;38,62068476;3,2
2019;2;26;6;2,679818449;45,08977708;3,9
2019;2;26;7;3,146716228;45,50595582;4,8
2019;2;26;8;5,088842131;38,10114624;5,2
2019;2;26;9;7,130631237;32,44404854;5
2019;2;26;10;8,582727768;31,84821511;4,2
2019;2;26;11;9,157815818;28,00151001;3,2
2019;2;26;12;9,963773152;26,90910231;2,9
2019;2;26;13;10,28815089;25,68033184;2,3
2019;2;26;14;10,43903539;25,04121894;2
2019;2;26;15;9,820779544;27,94147293;1,2
2019;2;26;16;7,959320594;34,26315783;2,6
2019;2;26;17;4,85076759;42,54884078;0,5
2019;2;26;18;4,116226361;41,09928895;0,7
2019;2;26;19;3,93780084;40,57041934;1,1
2019;2;26;20;4,200888295;38,84536352;1,9
2019;2;26;21;4,473401461;36,81188663;2,4
2019;2;26;22;4,555304021;35,59289016;0,7
2019;2;26;23;4,556803478;33,29958569;3,4
2019;2;27;0;4,555542462;32,11447537;2,2
2019;2;27;1;3,900890345;32,4553143;3,7
2019;2;27;2;3,409030901;34,17699625;2,5
2019;2;27;3;2,784722927;37,26144032;4
2019;2;27;4;1,986109799;37,84693305;3,3
2019;2;27;5;1,299271381;40,55674329;3,6
2019;2;27;6;0,833187276;48,52680517;3,2
2019;2;27;7;0,556280738;48,69395893;3,1
2019;2;27;8;1,874724708;46,82561915;3,4
2019;2;27;9;4,416491458;41,86740279;4,1
2019;2;27;10;6,675912316;38,81879365;4,4
2019;2;27;11;8,401418451;30,1492695;3,5
2019;2;27;12;10,43270787;25,13938731;2,8
2019;2;27;13;10,22243465;27,0660439;3,3
2019;2;27;14;9,932173605;28,50289211;3,5
2019;2;27;15;9,502112137;29,53212927;4,5
2019;2;27;16;8,076893646;33,9424797;2,4
2019;2;27;17;7,046479789;37,25791089;2,7
2019;2;27;18;6,456627092;36,07536994;1,3
2019;2;27;19;5,553585525;34,11535754;3,1
2019;2;27;20;5,084321934;33,60139341;3,3
2019;2;27;21;3,619224136;32,35939911;2,4
2019;2;27;22;2,340271089;31,66656746;2,5
2019;2;27;23;2,27926976;33,13128086;2,8
